name, githubID
Wang Zihang , zihang-wang-naist
Yuya Kawabata, ykawabata17
Sakiho Kuriu, sakiho-k
Kazuma Fujiwara, fujiwaraka
Riku Ikeuchi, 135094344
2111420 - Kang Xingyuan(KKKKKXY)
Andres Mohali - 25122098<br/>
Yuta Fujimoto, yuta-fujimoto-naist
Takanori, TakanoriHomma
Ferreira da Silva Lucas, ferris-lucas
Ryo Tsujimoto, TsujimotoRyo
Hibiki Nakatani, i16nakatani
Miki Yonekura,mikiyoenkura
Suehara Kazuki, 2311138
Takuya Imasawa, Super-Now-Chang
Hotaka Taguchi, TaguchiHotaka
Ryutaro Kajiwara, Tinoeike
Seiji Gobara, satoshi-2000
Indira Febriyanti, Indirafyn
Ma Shanpeng, inusturbo
Shunsuke Araki, Araki-SH
Kairi Sasazaki, marine-blue
Junko Hayashi, junko-ha
harland, aminokay
Haruto Tanaka, haru0017
Kohei Sawano, kerokerokohei
Yuto Ohashi, y1u1t2o8
Taichi Maeda, edamame1276
Tamami Watanabe, TamamiWat
Takumi Sumino, 135571165
Minoru Ishihara, MinoruIshihara
Takaya Namikoshi, NamikoshiTakaya
Yoshiki Yano, yanoyoshiki
Kohei Tsuji, kohei-ts
Muramoto Kojiro, JIROWORK
Iqra Ali, 1122iqra
Takumi Ikenaga, ikenaga530
Kozaki Taizo, kozakitaizou
Toshihiro Asai, Toshihiro-asai
Hashimoto Sachi, Sachi-Ha
Kota Takehara, kotatakehara
Akiyoshi Nakaoka, akiyoshi777
Matsura Kouki, tosinori-nt 
Akihiro Miura, Ak99-S091
Carlos Paniagua, carlos-paniagua
Takashi Nakano, takashi-jp
Yamasaki Kokoro, Kokochin
Hiroyuki Sugimoto, 107194005
Morimoto Yuki, Yuki-Morimoto-naist
Takezaki sibuki, ssk0908
Habiba Hesham Mohamed AbdelAziz, habibahshm
Tomoya Ohashi, oto10
Shoichiro Uchida, shoichiro-u
Yuta Aishima, AishimaYuta
Yoshihisa Ito, chariot-524
Takahiro Hiura, tk-him
LI KAIFAN, kaifanli1013
Takuya Imasawa, Super-Now-Chang
Kotaro James Nishimura, ToRainu256
Takuya Imasawa, Super-Now-Chang
Kazuki Hayashi, Queen-Vermouth
Wataru Mabuchi, ring18
Tomoya Okuno, motonuko
Hyuga Nakaguro, hyuga-na
Masui Taichi , Massan0917
Shinohara Ryotaro, srboc
Takuto Kudo,Kudo-Takuto
Pongchai Jaisri, ppjaisri
HERNANDEZ RODRIGUEZ DIEGO, DiegoHernandezKG
Hyuga Nakaguro, hyuga-na
Naoya Fujikawa, nilnano
Yuina Kataoka, kataokayuina
Ryuhei Fukuta, fukuryu115
Takuma Miwa, TakumaMiwa
Yuina Kataoka, kataokayuina
Asuka Uetani,　UA049
Tomoya Ohashi, oto10　
Eunike, eunike321
Shigeyuki Taira, ST0927
Kenta Takahashi, Brafuma
Tongiam Pacharawan,wanpcrw
Marin Mikami, marin-mi
